{"0": {"validationLoss": 4.780946815013886, "testLoss": 4.711888718605041, "accuracy": 0.10579842930019367}, "1": {"validationLoss": 4.6628124833107, "testLoss": 4.464783775806427, "accuracy": 0.2166057217400521}, "2": {"validationLoss": 4.363422638177871, "testLoss": 3.8509651879469553, "accuracy": 0.38983820867724717}, "3": {"validationLoss": 3.7773634016513826, "testLoss": 2.9893085241317747, "accuracy": 0.45792608452029526}, "4": {"validationLoss": 3.21008460521698, "testLoss": 2.3595758507649105, "accuracy": 0.5774545669555664}, "5": {"validationLoss": 2.8153557181358337, "testLoss": 2.1633867144584658, "accuracy": 0.5959580009803176}, "6": {"validationLoss": 2.670099711418152, "testLoss": 2.0555872549613317, "accuracy": 0.6240469836629927}, "7": {"validationLoss": 2.5464175224304197, "testLoss": 1.9233307927846908, "accuracy": 0.6438608150929213}, "8": {"validationLoss": 2.4863458812236785, "testLoss": 1.8069172273079555, "accuracy": 0.6576158003881574}, "9": {"validationLoss": 2.4309644371271135, "testLoss": 1.6602084199587503, "accuracy": 0.6635804511606693}, "10": {"validationLoss": 2.337284344434738, "testLoss": 1.5463391522566476, "accuracy": 0.6841644486412406}, "11": {"validationLoss": 2.242023628950119, "testLoss": 1.5831284423669179, "accuracy": 0.6708859708160162}, "12": {"validationLoss": 2.30940557718277, "testLoss": 1.5003806327780087, "accuracy": 0.6962876762263477}, "13": {"validationLoss": 2.2644243597984315, "testLoss": 1.4976791153351465, "accuracy": 0.6917996457777917}, "14": {"validationLoss": 2.2426130771636963, "testLoss": 1.4699768722057343, "accuracy": 0.6976728700101376}, "15": {"validationLoss": 2.207832282781601, "testLoss": 1.4736527502536774, "accuracy": 0.6876939251087606}, "16": {"validationLoss": 2.2379483073949813, "testLoss": 1.3860399256149927, "accuracy": 0.7131898258812726}, "17": {"validationLoss": 2.179229775071144, "testLoss": 1.4203447952866555, "accuracy": 0.6960965227335691}, "18": {"validationLoss": 2.171533742547035, "testLoss": 1.380242236951987, "accuracy": 0.7155224969610572}, "19": {"validationLoss": 2.2368325531482696, "testLoss": 1.396682394047578, "accuracy": 0.7117215190082788}}